solve time,all time,satisfiable,size,solution_count,demands,wavelengths,graph
0.5193504020571709,24.165661558508873,true,188,-1,5,6,res_kanto11.gml
1.7755996063351631,32.80306117236614,true,363,-1,6,6,res_kanto11.gml
3.456258550286293,49.54061898589134,true,283,-1,7,6,res_kanto11.gml
65.17821920663118,1038.438853830099,true,1872,-1,8,6,res_kanto11.gml
153.07166083157063,3375.465104304254,true,38054,-1,9,6,res_kanto11.gml
