solve time,all time,satisfiable,size,solution_count,demands,wavelengths,graph
9.799748659133911e-05,0.011787883937358856,true,1,-1,1,1,res_dt.gml
0.0001582130789756775,0.018062502145767212,true,4,-1,3,1,res_dt.gml
0.0003022029995918274,0.03456311672925949,true,10,-1,5,1,res_dt.gml
0.0008339881896972656,0.051675982773303986,true,64,-1,7,1,res_dt.gml
0.0014030709862709045,0.07044430822134018,true,228,-1,9,1,res_dt.gml
0.06366842240095139,0.1528187245130539,true,215,-1,11,1,res_dt.gml
0.2524087131023407,0.5492359101772308,true,659,-1,13,1,res_dt.gml
1.3767644688487053,2.3867082595825195,true,3918,-1,15,1,res_dt.gml
10.136856809258461,15.97085826843977,true,15369,-1,17,1,res_dt.gml
